Date,Sentiment
2021-02-25 00:00:00,-0.5951400399208069
2021-02-25 00:00:00,0.9999545812606812
2021-02-25 00:00:00,0.7301521301269531
2021-02-25 00:00:00,0.9999545812606812
2021-02-25 00:00:00,-0.9999545812606812
2021-02-25 00:00:00,0.9999545812606812
2021-02-25 00:00:00,0.9709908962249756
2021-02-25 00:00:00,0.9999545812606812
2021-02-25 00:00:00,-0.9850340485572815
2021-02-25 00:00:00,-0.9940702319145203
2021-02-25 00:00:00,-0.9980103373527527
2021-02-25 00:00:00,-0.9999545812606812
2021-02-25 00:00:00,-0.9998466968536377
2021-02-25 00:00:00,-0.9999545812606812
2021-02-25 00:00:00,-0.9999545812606812
2021-02-25 00:00:00,-0.9999257326126099
2021-02-25 00:00:00,-0.9999545812606812
2021-02-25 00:00:00,-0.9804123640060425
2021-02-25 00:00:00,0.9502739310264587
2021-02-25 00:00:00,0.9999545812606812
2021-02-25 00:00:00,0.860260546207428
2021-02-25 00:00:00,-0.9999306201934814
2021-02-25 00:00:00,0.5925585031509399
2021-02-25 00:00:00,0.985878586769104
2021-02-25 00:00:00,-0.9999545812606812
2021-02-25 00:00:00,-0.9999545812606812
2021-02-25 00:00:00,0.9996102452278137
2021-02-25 00:00:00,-0.9646276831626892
2021-02-25 00:00:00,-0.9999545812606812
2021-02-25 00:00:00,-0.9999545812606812
2021-02-25 00:00:00,-0.9999545812606812
2021-02-25 00:00:00,-0.9997507929801941
2021-02-25 00:00:00,-0.9999545812606812
2021-02-25 00:00:00,0.5764057636260986
2021-02-25 00:00:00,-0.9999545812606812
2021-02-25 00:00:00,-0.9645920991897583
2021-02-25 00:00:00,0.9999545812606812
2021-02-25 00:00:00,0.823962390422821
2021-02-25 00:00:00,-0.9999545812606812
2021-02-25 00:00:00,0.7057720422744751
2021-02-25 00:00:00,0.9999545812606812
2021-02-26 00:00:00,-0.9999545812606812
2021-02-26 00:00:00,0.9999545812606812
2021-02-26 00:00:00,0.9999545812606812
2021-02-26 00:00:00,-0.8271975517272949
2021-02-26 00:00:00,-0.9999545812606812
2021-02-26 00:00:00,0.9990079998970032
2021-02-26 00:00:00,0.9941177368164062
2021-02-16 00:00:00,-0.9999350309371948
2021-02-16 00:00:00,0.9999545812606812
2021-02-16 00:00:00,-0.9999545812606812
2021-02-16 00:00:00,0.9999545812606812
2021-02-16 00:00:00,0.998314380645752
2021-02-16 00:00:00,0.9999545812606812
2021-02-16 00:00:00,0.9727911949157715
2021-02-16 00:00:00,0.9999192953109741
2021-02-16 00:00:00,-0.7032960057258606
2021-02-16 00:00:00,0.9996121525764465
2021-02-16 00:00:00,0.5556354522705078
2021-02-16 00:00:00,-0.9996912479400635
2021-02-16 00:00:00,0.9999545812606812
2021-02-16 00:00:00,0.9999545812606812
2021-02-16 00:00:00,-0.9999545812606812
2021-02-16 00:00:00,-0.9999545812606812
2021-02-16 00:00:00,0.9996984004974365
2021-02-16 00:00:00,0.9859400987625122
2021-02-16 00:00:00,0.9340826869010925
2021-02-16 00:00:00,-0.9999545812606812
2021-02-16 00:00:00,0.9936983585357666
2021-02-16 00:00:00,-0.9995889067649841
2021-02-16 00:00:00,-0.8713213801383972
2021-02-16 00:00:00,0.9999545812606812
2021-02-16 00:00:00,0.9793832898139954
2021-02-16 00:00:00,0.9999545812606812
2021-02-16 00:00:00,-0.9999545812606812
2021-02-16 00:00:00,-0.9949209094047546
2021-02-16 00:00:00,-0.9981486797332764
2021-02-16 00:00:00,0.9998452663421631
2021-02-16 00:00:00,0.9999545812606812
2021-02-16 00:00:00,-0.7433387637138367
2021-02-16 00:00:00,-0.9999545812606812
2021-02-16 00:00:00,0.9999545812606812
2021-02-16 00:00:00,-0.9999545812606812
2021-02-16 00:00:00,-0.9999545812606812
2021-02-16 00:00:00,0.9999545812606812
2021-02-16 00:00:00,0.9999545812606812
2021-02-16 00:00:00,-0.90852290391922
2021-02-16 00:00:00,-0.9999545812606812
2021-02-16 00:00:00,0.9999545812606812
2021-02-16 00:00:00,0.9999545812606812
2021-02-16 00:00:00,0.9902830123901367
2021-02-16 00:00:00,-0.9986984729766846
2021-02-16 00:00:00,0.891526460647583
2021-02-16 00:00:00,-0.9389594197273254
2021-02-16 00:00:00,-0.9999545812606812
2021-02-16 00:00:00,0.9938428401947021
2021-02-16 00:00:00,-0.9999545812606812
2021-02-16 00:00:00,0.972636878490448
2021-02-16 00:00:00,0.9999545812606812
2021-02-16 00:00:00,0.9999545812606812
2021-02-16 00:00:00,-0.9999545812606812
2021-02-16 00:00:00,0.9999545812606812
2021-02-16 00:00:00,0.9998186230659485
2021-02-16 00:00:00,0.9826351404190063
2021-02-16 00:00:00,-0.9999545812606812
2021-02-16 00:00:00,0.9999545812606812
2021-02-16 00:00:00,0.9999428987503052
2021-02-16 00:00:00,0.9810448288917542
2021-02-16 00:00:00,-0.9999545812606812
2021-02-16 00:00:00,-0.9999545812606812
2021-02-16 00:00:00,0.9999545812606812
2021-02-16 00:00:00,-0.998288094997406
2021-02-16 00:00:00,0.962028443813324
2021-02-16 00:00:00,-0.9999545812606812
2021-02-16 00:00:00,0.9999545812606812
2021-02-16 00:00:00,-0.9990817308425903
2021-02-16 00:00:00,0.9999545812606812
2021-02-16 00:00:00,-0.9999545812606812
2021-02-16 00:00:00,0.9999545812606812
2021-02-16 00:00:00,0.9999545812606812
2021-02-16 00:00:00,0.9999545812606812
2021-02-16 00:00:00,0.9999545812606812
2021-02-16 00:00:00,-0.9999545812606812
2021-02-16 00:00:00,0.6445136666297913
2021-02-16 00:00:00,-0.9999545812606812
2021-02-16 00:00:00,-0.9999545812606812
2021-02-16 00:00:00,0.9870041012763977
2021-02-16 00:00:00,-0.9999545812606812
2021-02-16 00:00:00,-0.9747139811515808
2021-02-16 00:00:00,0.9999545812606812
2021-02-16 00:00:00,-0.9996047616004944
2021-02-16 00:00:00,0.9772427678108215
2021-02-16 00:00:00,-0.7975642085075378
2021-02-16 00:00:00,-0.9991205334663391
2021-02-16 00:00:00,0.9662830829620361
2021-02-16 00:00:00,0.9911267161369324
2021-02-16 00:00:00,-0.8483429551124573
2021-02-16 00:00:00,0.9999545812606812
2021-02-16 00:00:00,0.9217811226844788
2021-02-16 00:00:00,-0.9999545812606812
2021-02-16 00:00:00,0.9999545812606812
2021-02-16 00:00:00,0.5736410617828369
2021-02-16 00:00:00,0.9999545812606812
2021-02-16 00:00:00,0.959242045879364
2021-02-16 00:00:00,0.5662701725959778
2021-02-16 00:00:00,-0.7363772392272949
2021-02-16 00:00:00,-0.9356163740158081
2021-02-16 00:00:00,-0.9999545812606812
2021-02-16 00:00:00,0.9998210072517395
2021-02-16 00:00:00,-0.9998601675033569
2021-02-16 00:00:00,0.9450074434280396
2021-02-16 00:00:00,-0.906449556350708
2021-02-16 00:00:00,-0.9998316764831543
2021-02-16 00:00:00,0.9999545812606812
2021-02-16 00:00:00,-0.9990731477737427
2021-02-16 00:00:00,-0.9991031885147095
2021-02-16 00:00:00,-0.9999545812606812
2021-02-16 00:00:00,-0.9992190599441528
2021-02-16 00:00:00,0.9999545812606812
2021-02-16 00:00:00,-0.9999545812606812
2021-02-16 00:00:00,-0.9999545812606812
2021-02-16 00:00:00,0.9964171648025513
2021-02-16 00:00:00,0.9804608225822449
2021-02-16 00:00:00,-0.9999545812606812
2021-02-16 00:00:00,-0.9999545812606812
2021-02-16 00:00:00,0.9999545812606812
2021-02-16 00:00:00,-0.9999545812606812
2021-02-16 00:00:00,-0.9999545812606812
2021-02-16 00:00:00,-0.9391677975654602
2021-02-16 00:00:00,0.9999545812606812
2021-02-16 00:00:00,0.9571337103843689
2021-02-16 00:00:00,0.9999545812606812
2021-02-16 00:00:00,-0.9999545812606812
2021-02-16 00:00:00,0.9999545812606812
2021-02-16 00:00:00,-0.9993183612823486
2021-02-16 00:00:00,-0.9999545812606812
2021-02-16 00:00:00,-0.9999545812606812
2021-02-16 00:00:00,-0.9949350953102112
2021-02-16 00:00:00,-0.9999545812606812
2021-02-16 00:00:00,0.5412797331809998
2021-02-16 00:00:00,0.9999545812606812
2021-02-16 00:00:00,-0.9997102618217468
2021-02-16 00:00:00,-0.8344595432281494
2021-02-16 00:00:00,0.9999545812606812
2021-02-16 00:00:00,-0.9993316531181335
2021-02-16 00:00:00,0.993327260017395
2021-02-16 00:00:00,-0.9709455966949463
2021-02-16 00:00:00,0.9984517097473145
2021-02-16 00:00:00,0.9997327923774719
2021-02-16 00:00:00,0.8689454197883606
2021-02-16 00:00:00,-0.9955778121948242
2021-02-16 00:00:00,-0.9935498833656311
2021-02-16 00:00:00,0.9999545812606812
2021-02-16 00:00:00,0.9999545812606812
2021-02-16 00:00:00,-0.9999058246612549
2021-02-16 00:00:00,-0.9999545812606812
2021-02-16 00:00:00,0.9999545812606812
2021-02-16 00:00:00,-0.9999545812606812
2021-02-16 00:00:00,-0.998469889163971
2021-02-16 00:00:00,-0.9768438935279846
2021-02-16 00:00:00,-0.9395660161972046
2021-02-16 00:00:00,-0.9999545812606812
2021-02-16 00:00:00,0.9997754693031311
2021-02-16 00:00:00,-0.9997087121009827
2021-02-16 00:00:00,-0.9999545812606812
2021-02-16 00:00:00,-0.9862968921661377
2021-02-16 00:00:00,0.9999545812606812
2021-02-16 00:00:00,-0.999875545501709
2021-02-16 00:00:00,-0.9999545812606812
2021-02-16 00:00:00,0.5706871747970581
2021-02-16 00:00:00,0.9999545812606812
2021-02-16 00:00:00,0.9639796614646912
2021-02-16 00:00:00,-0.8385719060897827
2021-02-16 00:00:00,0.9999545812606812
2021-02-16 00:00:00,-0.9774696230888367
2021-02-16 00:00:00,0.9999545812606812
2021-02-16 00:00:00,0.997477114200592
2021-02-16 00:00:00,0.9988396763801575
2021-02-16 00:00:00,-0.9991633892059326
2021-02-16 00:00:00,0.9999545812606812
2021-02-16 00:00:00,0.9999545812606812
2021-02-16 00:00:00,0.9999545812606812
2021-02-16 00:00:00,-0.9999545812606812
2021-02-16 00:00:00,-0.9999545812606812
2021-02-16 00:00:00,0.9999545812606812
2021-02-16 00:00:00,-0.9999545812606812
2021-02-16 00:00:00,0.9993858337402344
2021-02-16 00:00:00,0.9999545812606812
2021-02-17 00:00:00,-0.9911521077156067
2021-02-17 00:00:00,0.9999545812606812
2021-02-17 00:00:00,-0.9982423782348633
2021-02-17 00:00:00,-0.5694118142127991
2021-02-17 00:00:00,0.6400031447410583
2021-02-17 00:00:00,-0.9999545812606812
2021-02-17 00:00:00,0.9999545812606812
2021-02-17 00:00:00,-0.9999545812606812
2021-02-17 00:00:00,-0.7412293553352356
2021-02-17 00:00:00,0.9999545812606812
2021-02-17 00:00:00,-0.9947035908699036
2021-02-17 00:00:00,-0.9947035908699036
2021-02-17 00:00:00,0.6504611372947693
2021-02-17 00:00:00,0.829768180847168
2021-02-17 00:00:00,-0.9999545812606812
2021-02-17 00:00:00,-0.9248509407043457
2021-02-17 00:00:00,-0.9947035908699036
2021-02-17 00:00:00,0.9999545812606812
2021-02-17 00:00:00,-0.99899822473526
2021-02-17 00:00:00,-0.8387337327003479
2021-02-17 00:00:00,-0.9999545812606812
2021-02-17 00:00:00,-0.9825937151908875
2021-02-17 00:00:00,-0.9999545812606812
2021-02-17 00:00:00,-0.9999545812606812
2021-02-16 00:00:00,0.9999545812606812
2021-02-16 00:00:00,0.9999545812606812
2021-02-16 00:00:00,0.9999545812606812
2021-02-16 00:00:00,-0.5921316146850586
2021-02-16 00:00:00,0.9999545812606812
2021-02-16 00:00:00,0.9999545812606812
2021-02-16 00:00:00,0.9984654188156128
2021-02-16 00:00:00,0.9412447810173035
2021-02-16 00:00:00,0.9722957611083984
2021-02-16 00:00:00,-0.9999545812606812
2021-02-16 00:00:00,0.9999545812606812
2021-02-16 00:00:00,0.9999545812606812
2021-02-16 00:00:00,0.9999545812606812
2021-02-16 00:00:00,-0.9939204454421997
2021-02-16 00:00:00,0.9999545812606812
2021-02-16 00:00:00,0.9991520643234253
2021-02-16 00:00:00,0.9997593760490417
2021-02-16 00:00:00,0.9999545812606812
2021-02-16 00:00:00,0.9999545812606812
2021-02-16 00:00:00,0.9982455968856812
2021-02-16 00:00:00,0.9999545812606812
2021-02-17 00:00:00,0.9999545812606812
2021-02-17 00:00:00,0.9931069016456604
2021-02-17 00:00:00,-0.999201238155365
2021-02-17 00:00:00,0.9999545812606812
2021-02-17 00:00:00,0.5680703520774841
2021-02-17 00:00:00,-0.9998718500137329
2021-02-17 00:00:00,0.9999545812606812
2021-02-17 00:00:00,0.9999545812606812
2021-02-17 00:00:00,0.9999545812606812
2021-02-17 00:00:00,0.9999545812606812
2021-02-17 00:00:00,0.9999545812606812
2021-02-17 00:00:00,-0.9467278718948364
2021-02-17 00:00:00,0.6916419267654419
2021-02-18 00:00:00,0.9999545812606812
2021-02-18 00:00:00,0.9999514818191528
2021-02-18 00:00:00,0.9999545812606812
2021-02-18 00:00:00,0.9999545812606812
2021-02-18 00:00:00,0.9999545812606812
2021-02-18 00:00:00,0.9999545812606812
2021-02-19 00:00:00,0.9999545812606812
2021-02-20 00:00:00,0.9210149645805359
2021-02-22 00:00:00,0.9999545812606812
2021-02-22 00:00:00,0.9999545812606812
2021-02-27 00:00:00,0.9999545812606812
2021-03-11 00:00:00,0.9971696734428406
2021-02-25 00:00:00,0.9999545812606812
2021-02-25 00:00:00,-0.9999545812606812
2021-02-25 00:00:00,0.9970574378967285
2021-02-25 00:00:00,-0.9943271279335022
2021-02-25 00:00:00,0.9847848415374756
2021-02-25 00:00:00,0.9999545812606812
2021-02-25 00:00:00,0.9999545812606812
2021-02-25 00:00:00,-0.9754745364189148
2021-02-25 00:00:00,-0.9972072243690491
2021-02-25 00:00:00,0.988896906375885
2021-02-25 00:00:00,0.9997885823249817
2021-02-25 00:00:00,-0.9999545812606812
2021-02-25 00:00:00,0.99970942735672
2021-02-25 00:00:00,0.9865033626556396
2021-02-25 00:00:00,0.5605921745300293
2021-02-25 00:00:00,0.981226921081543
2021-02-25 00:00:00,0.9772566556930542
2021-02-25 00:00:00,0.9972643852233887
2021-02-25 00:00:00,0.9004999995231628
2021-02-25 00:00:00,0.9997363686561584
2021-02-25 00:00:00,0.9999545812606812
2021-02-25 00:00:00,0.5806683897972107
2021-02-25 00:00:00,-0.9906558394432068
2021-02-25 00:00:00,-0.9928762912750244
2021-02-25 00:00:00,-0.9999545812606812
2021-02-25 00:00:00,0.9999411106109619
2021-02-25 00:00:00,0.9999545812606812
2021-02-25 00:00:00,0.9999545812606812
2021-02-25 00:00:00,-0.9999545812606812
2021-02-25 00:00:00,-0.9831632971763611
2021-02-25 00:00:00,-0.9999545812606812
2021-02-25 00:00:00,-0.9999545812606812
2021-02-25 00:00:00,-0.9763837456703186
2021-02-25 00:00:00,0.9999545812606812
2021-02-25 00:00:00,-0.8817623257637024
2021-02-25 00:00:00,0.9999545812606812
2021-02-25 00:00:00,-0.9758672118186951
2021-02-25 00:00:00,-0.9974103569984436
2021-02-26 00:00:00,-0.9939005374908447
2021-02-26 00:00:00,-0.9999545812606812
2021-02-25 00:00:00,0.9424598217010498
2021-02-25 00:00:00,-0.952569842338562
2021-02-25 00:00:00,-0.9999545812606812
2021-02-25 00:00:00,0.9999545812606812
2021-02-25 00:00:00,-0.9560993313789368
2021-02-25 00:00:00,0.999879002571106
2021-02-25 00:00:00,0.9999545812606812
2021-02-25 00:00:00,0.9999545812606812
2021-02-25 00:00:00,0.9999545812606812
2021-02-25 00:00:00,0.9999545812606812
2021-02-25 00:00:00,-0.9999545812606812
2021-02-25 00:00:00,-0.9998816251754761
2021-02-26 00:00:00,-0.999458372592926
2021-02-26 00:00:00,0.9977797865867615
2021-02-26 00:00:00,-0.7338740825653076
2021-02-26 00:00:00,0.9999545812606812
2021-02-26 00:00:00,-0.9999545812606812
2021-02-26 00:00:00,0.9999545812606812
2021-02-26 00:00:00,0.9493279457092285
2021-02-26 00:00:00,0.9797192215919495
2021-02-26 00:00:00,-0.9999545812606812
2021-02-26 00:00:00,0.9999545812606812
2021-02-26 00:00:00,-0.9999545812606812
2021-02-26 00:00:00,0.9990332126617432
2021-02-26 00:00:00,-0.9906573295593262
2021-02-26 00:00:00,0.7453330159187317
2021-02-26 00:00:00,0.9999545812606812
2021-02-26 00:00:00,0.9482733607292175
2021-02-26 00:00:00,0.9153067469596863
2021-02-26 00:00:00,-0.9927736520767212
2021-02-26 00:00:00,0.9948640465736389
2021-02-26 00:00:00,0.9999545812606812
2021-02-26 00:00:00,-0.9089455008506775
2021-02-26 00:00:00,0.9332445859909058
2021-02-26 00:00:00,-0.9999545812606812
2021-02-26 00:00:00,-0.967934787273407
2021-02-26 00:00:00,-0.9999545812606812
2021-02-26 00:00:00,-0.9999545812606812
2021-02-26 00:00:00,0.9998492002487183
2021-02-26 00:00:00,0.9999545812606812
2021-02-26 00:00:00,-0.9832988381385803
2021-02-26 00:00:00,0.9999545812606812
2021-02-26 00:00:00,-0.9999545812606812
2021-02-26 00:00:00,-0.9999545812606812
2021-02-26 00:00:00,0.9999545812606812
2021-02-26 00:00:00,0.9999545812606812
2021-02-26 00:00:00,0.973906934261322
2021-02-26 00:00:00,-0.9999545812606812
2021-02-26 00:00:00,0.9999545812606812
2021-02-26 00:00:00,0.9999545812606812
2021-02-26 00:00:00,-0.9995993971824646
2021-02-26 00:00:00,0.9999545812606812
2021-02-26 00:00:00,0.9999545812606812
2021-02-26 00:00:00,0.9834024906158447
2021-02-26 00:00:00,-0.8637316226959229
2021-02-26 00:00:00,0.9999545812606812
2021-02-26 00:00:00,0.9999545812606812
2021-02-26 00:00:00,-0.9999312162399292
2021-02-26 00:00:00,-0.9999545812606812
2021-02-26 00:00:00,-0.9999496936798096
2021-02-26 00:00:00,0.9999545812606812
2021-02-26 00:00:00,0.9999545812606812
2021-02-26 00:00:00,0.9953072667121887
2021-02-26 00:00:00,-0.9998675584793091
2021-02-26 00:00:00,0.9999545812606812
2021-02-27 00:00:00,-0.9999545812606812
2021-02-27 00:00:00,0.9999545812606812
2021-02-27 00:00:00,0.9864258766174316
2021-02-27 00:00:00,-0.9997542500495911
2021-02-27 00:00:00,0.9999545812606812
2021-02-27 00:00:00,-0.9999545812606812
2021-02-27 00:00:00,0.9986335635185242
2021-02-27 00:00:00,-0.9677596092224121
2021-02-27 00:00:00,-0.9716955423355103
2021-02-26 00:00:00,0.9999545812606812
2021-02-26 00:00:00,-0.9998486042022705
2021-02-26 00:00:00,0.9981630444526672
2021-02-26 00:00:00,0.9999545812606812
2021-02-26 00:00:00,-0.8817632794380188
2021-02-26 00:00:00,-0.995254397392273
2021-02-26 00:00:00,0.9992675185203552
2021-02-26 00:00:00,0.9999545812606812
2021-02-26 00:00:00,-0.9999545812606812
2021-02-26 00:00:00,-0.5185540318489075
2021-02-26 00:00:00,0.9999545812606812
2021-02-26 00:00:00,-0.9940793514251709
2021-02-26 00:00:00,0.9999545812606812
2021-02-26 00:00:00,0.9610862731933594
2021-02-26 00:00:00,0.9999300241470337
2021-02-26 00:00:00,0.9999545812606812
2021-02-26 00:00:00,0.9999545812606812
2021-02-26 00:00:00,0.9999545812606812
2021-02-26 00:00:00,-0.9999545812606812
2021-02-26 00:00:00,-0.9999545812606812
2021-02-26 00:00:00,-0.9999545812606812
2021-02-26 00:00:00,-0.8728572130203247
2021-02-26 00:00:00,-0.9999545812606812
2021-02-26 00:00:00,-0.9999545812606812
2021-02-26 00:00:00,0.9998213648796082
2021-02-26 00:00:00,-0.999609649181366
2021-02-26 00:00:00,-0.927239716053009
2021-02-26 00:00:00,-0.879761815071106
2021-02-26 00:00:00,-0.9999545812606812
2021-02-26 00:00:00,-0.9681222438812256
2021-02-26 00:00:00,-0.9999545812606812
2021-02-26 00:00:00,0.9999545812606812
2021-02-26 00:00:00,-0.9879963994026184
2021-02-26 00:00:00,-0.9999545812606812
2021-02-26 00:00:00,-0.9999545812606812
2021-02-26 00:00:00,0.9958561062812805
2021-02-26 00:00:00,0.9999545812606812
2021-02-26 00:00:00,0.9999545812606812
2021-02-26 00:00:00,-0.9999545812606812
2021-02-26 00:00:00,0.9999545812606812
2021-02-26 00:00:00,-0.9803213477134705
2021-02-26 00:00:00,-0.9622942805290222
2021-02-26 00:00:00,-0.5527188181877136
2021-02-26 00:00:00,-0.554627001285553
2021-02-26 00:00:00,-0.8264681696891785
2021-02-26 00:00:00,0.9999545812606812
2021-02-26 00:00:00,0.9642013907432556
2021-02-26 00:00:00,0.9962672591209412
2021-02-26 00:00:00,0.9999545812606812
2021-02-26 00:00:00,-0.561011552810669
2021-02-26 00:00:00,0.9999545812606812
2021-02-26 00:00:00,-0.9999545812606812
2021-02-26 00:00:00,-0.9999545812606812
2021-02-26 00:00:00,0.9984695315361023
2021-02-26 00:00:00,-0.9334903955459595
2021-02-26 00:00:00,-0.9939516186714172
2021-02-26 00:00:00,-0.9999545812606812
2021-02-26 00:00:00,-0.9999545812606812
2021-02-26 00:00:00,-0.9999545812606812
2021-02-26 00:00:00,0.5778732299804688
2021-02-26 00:00:00,0.9787445068359375
2021-02-26 00:00:00,-0.9757670760154724
2021-02-26 00:00:00,0.9999545812606812
2021-02-26 00:00:00,0.9928531050682068
2021-02-26 00:00:00,-0.9999545812606812
2021-02-26 00:00:00,0.9880847334861755
2021-02-26 00:00:00,0.9993744492530823
2021-02-26 00:00:00,-0.9987175464630127
2021-02-26 00:00:00,0.9999545812606812
2021-02-26 00:00:00,0.9994680285453796
2021-02-26 00:00:00,-0.9999545812606812
2021-02-26 00:00:00,-0.9999545812606812
2021-02-26 00:00:00,-0.9999545812606812
2021-02-26 00:00:00,0.8153705596923828
2021-02-26 00:00:00,0.9999545812606812
2021-02-26 00:00:00,-0.9999545812606812
2021-02-26 00:00:00,0.9999545812606812
2021-02-26 00:00:00,0.9999545812606812
2021-02-26 00:00:00,0.9991950392723083
2021-02-26 00:00:00,-0.9791202545166016
2021-02-26 00:00:00,0.9880146384239197
2021-02-26 00:00:00,0.9953194260597229
2021-02-26 00:00:00,-0.9998903274536133
2021-02-26 00:00:00,-0.9847143292427063
2021-02-26 00:00:00,-0.6711822748184204
2021-02-26 00:00:00,-0.8670749068260193
2021-02-26 00:00:00,-0.5661557912826538
2021-02-26 00:00:00,-0.9999545812606812
2021-02-26 00:00:00,-0.9740049839019775
2021-02-26 00:00:00,-0.9999545812606812
2021-02-26 00:00:00,-0.9999545812606812
2021-02-26 00:00:00,0.9999545812606812
2021-02-26 00:00:00,0.9996631145477295
2021-02-26 00:00:00,-0.9999545812606812
2021-02-26 00:00:00,-0.9999545812606812
2021-02-26 00:00:00,-0.9999545812606812
2021-02-26 00:00:00,-0.9999545812606812
2021-02-26 00:00:00,-0.8786879181861877
2021-02-26 00:00:00,0.9988848567008972
2021-02-26 00:00:00,-0.9700977802276611
2021-02-26 00:00:00,-0.999769389629364
2021-02-26 00:00:00,-0.99636310338974
2021-02-26 00:00:00,-0.9999545812606812
2021-02-26 00:00:00,-0.8393179178237915
2021-02-26 00:00:00,-0.9999545812606812
2021-02-26 00:00:00,-0.9998677968978882
2021-02-26 00:00:00,-0.9999545812606812
2021-02-26 00:00:00,-0.6103664636611938
2021-02-26 00:00:00,-0.987963080406189
2021-02-26 00:00:00,-0.9999545812606812
2021-02-26 00:00:00,-0.9999545812606812
2021-02-26 00:00:00,0.7614583969116211
2021-02-26 00:00:00,-0.7890600562095642
2021-02-26 00:00:00,0.9988228678703308
2021-02-26 00:00:00,0.9996495246887207
2021-02-26 00:00:00,0.9994304776191711
2021-02-26 00:00:00,-0.5787636041641235
2021-02-26 00:00:00,0.9992828965187073
2021-02-26 00:00:00,-0.9999545812606812
2021-02-26 00:00:00,0.9986550807952881
2021-02-26 00:00:00,0.9997925162315369
2021-02-26 00:00:00,-0.9999545812606812
2021-02-26 00:00:00,-0.9999545812606812
2021-02-26 00:00:00,-0.9999545812606812
2021-02-26 00:00:00,-0.9999545812606812
2021-02-26 00:00:00,-0.9999545812606812
2021-02-26 00:00:00,-0.5524289608001709
2021-02-26 00:00:00,0.9754788279533386
2021-02-26 00:00:00,0.9999545812606812
2021-02-26 00:00:00,0.9999545812606812
2021-02-26 00:00:00,0.9998565912246704
2021-02-26 00:00:00,-0.9982725381851196
2021-02-26 00:00:00,0.9685191512107849
2021-02-26 00:00:00,-0.9991531372070312
2021-02-26 00:00:00,-0.9608694911003113
2021-02-26 00:00:00,-0.9999545812606812
2021-02-26 00:00:00,0.9999233484268188
2021-02-26 00:00:00,-0.9989826083183289
2021-02-26 00:00:00,-0.9999545812606812
2021-02-26 00:00:00,0.9502468109130859
2021-02-26 00:00:00,0.8768921494483948
2021-02-26 00:00:00,-0.9999545812606812
2021-02-26 00:00:00,0.9999545812606812
2021-02-26 00:00:00,0.9999545812606812
2021-02-26 00:00:00,0.9999545812606812
2021-02-26 00:00:00,-0.9993471503257751
2021-02-26 00:00:00,0.9999545812606812
2021-02-26 00:00:00,0.8818922638893127
2021-02-27 00:00:00,-0.9999545812606812
2021-02-26 00:00:00,-0.9999545812606812
2021-02-27 00:00:00,-0.9999545812606812
2021-02-27 00:00:00,0.9999545812606812
2021-02-26 00:00:00,-0.9999545812606812
2021-02-26 00:00:00,0.9999545812606812
2021-02-26 00:00:00,0.9999545812606812
2021-02-27 00:00:00,-0.9973604083061218
2021-02-24 00:00:00,0.6219567656517029
2021-02-24 00:00:00,-0.986257791519165
2021-02-24 00:00:00,0.9999545812606812
2021-02-24 00:00:00,0.9944465160369873
2021-02-24 00:00:00,0.965360164642334
2021-02-24 00:00:00,-0.9999284744262695
2021-02-24 00:00:00,0.9999545812606812
2021-02-24 00:00:00,-0.9999545812606812
2021-02-24 00:00:00,0.7640995979309082
2021-02-24 00:00:00,0.9999545812606812
2021-02-24 00:00:00,-0.9999545812606812
2021-02-24 00:00:00,0.9999545812606812
2021-02-24 00:00:00,0.9999545812606812
2021-02-24 00:00:00,0.9999545812606812
2021-02-24 00:00:00,-0.9999545812606812
2021-02-24 00:00:00,0.9997705817222595
2021-02-24 00:00:00,0.9988343119621277
2021-02-24 00:00:00,0.9999545812606812
2021-02-25 00:00:00,0.9611839652061462
2021-02-23 00:00:00,-0.9999545812606812
2021-02-23 00:00:00,-0.8304218649864197
2021-02-23 00:00:00,0.9999545812606812
2021-02-23 00:00:00,-0.9999545812606812
2021-02-23 00:00:00,-0.9999545812606812
2021-02-23 00:00:00,0.9999545812606812
2021-02-23 00:00:00,0.9963321089744568
2021-02-23 00:00:00,-0.9999545812606812
2021-02-23 00:00:00,-0.9986372590065002
2021-02-23 00:00:00,-0.9867603778839111
2021-02-23 00:00:00,-0.9990471005439758
2021-02-23 00:00:00,0.9993791580200195
2021-02-23 00:00:00,0.9999545812606812
2021-02-23 00:00:00,0.9998075366020203
2021-02-24 00:00:00,0.9999545812606812
2021-02-22 00:00:00,-0.9999326467514038
2021-02-22 00:00:00,0.9669721126556396
2021-02-22 00:00:00,0.8566980361938477
2021-02-22 00:00:00,0.9999274015426636
2021-02-22 00:00:00,-0.9573289155960083
2021-02-22 00:00:00,0.9899015426635742
2021-02-22 00:00:00,-0.9984422326087952
2021-02-22 00:00:00,-0.9999545812606812
2021-02-22 00:00:00,-0.7166578769683838
2021-02-22 00:00:00,0.556771457195282
2021-02-22 00:00:00,0.9997400641441345
2021-02-22 00:00:00,0.9999545812606812
2021-02-22 00:00:00,-0.9999545812606812
2021-02-22 00:00:00,-0.9997400641441345
2021-02-22 00:00:00,-0.9998542070388794
2021-02-22 00:00:00,0.9999545812606812
2021-02-22 00:00:00,0.9999545812606812
2021-02-22 00:00:00,0.9932645559310913
2021-02-22 00:00:00,0.7652853727340698
2021-02-22 00:00:00,-0.9983345866203308
2021-02-22 00:00:00,0.5182176232337952
2021-02-22 00:00:00,-0.9958053827285767
2021-02-22 00:00:00,0.9869434833526611
2021-02-22 00:00:00,0.9999545812606812
2021-02-22 00:00:00,-0.99991774559021
2021-02-22 00:00:00,-0.9966226816177368
2021-02-22 00:00:00,-0.9985309839248657
2021-02-22 00:00:00,0.938792884349823
2021-02-22 00:00:00,-0.9999545812606812
2021-02-22 00:00:00,0.8181154131889343
2021-02-22 00:00:00,0.9919736385345459
2021-02-22 00:00:00,0.9925973415374756
2021-02-22 00:00:00,-0.9999545812606812
2021-02-22 00:00:00,0.9919015765190125
2021-02-22 00:00:00,-0.9999545812606812
2021-02-22 00:00:00,-0.9919540286064148
2021-02-22 00:00:00,0.7171140909194946
2021-02-22 00:00:00,-0.9999545812606812
2021-02-22 00:00:00,0.9981258511543274
2021-02-22 00:00:00,0.9999545812606812
2021-02-22 00:00:00,0.9999545812606812
2021-02-22 00:00:00,0.9999545812606812
2021-02-22 00:00:00,-0.9999545812606812
2021-02-22 00:00:00,0.9999204874038696
2021-02-22 00:00:00,-0.9999545812606812
2021-02-22 00:00:00,0.9999545812606812
2021-02-22 00:00:00,0.9999545812606812
2021-02-22 00:00:00,0.9434003233909607
2021-02-22 00:00:00,0.9666378498077393
2021-02-22 00:00:00,-0.9999545812606812
2021-02-22 00:00:00,-0.5495547652244568
2021-02-22 00:00:00,0.9999545812606812
2021-02-22 00:00:00,0.8529708385467529
2021-02-22 00:00:00,-0.5037670135498047
2021-02-22 00:00:00,-0.6180194020271301
2021-02-22 00:00:00,0.9999545812606812
2021-02-22 00:00:00,-0.9999545812606812
2021-02-22 00:00:00,-0.9999545812606812
2021-02-22 00:00:00,-0.938613772392273
2021-02-22 00:00:00,-0.7706640958786011
2021-02-22 00:00:00,-0.9999545812606812
2021-02-22 00:00:00,0.9998787641525269
2021-02-22 00:00:00,0.9999545812606812
2021-02-22 00:00:00,-0.9999545812606812
2021-02-22 00:00:00,0.9969197511672974
2021-02-22 00:00:00,-0.9461793899536133
2021-02-22 00:00:00,0.9998074173927307
2021-02-22 00:00:00,0.9827713370323181
2021-02-22 00:00:00,-0.9999545812606812
2021-02-22 00:00:00,0.9699513912200928
2021-02-22 00:00:00,-0.9999545812606812
2021-02-22 00:00:00,0.677634060382843
2021-02-22 00:00:00,0.9910001158714294
2021-02-22 00:00:00,0.9998815059661865
2021-02-22 00:00:00,-0.9999545812606812
2021-02-22 00:00:00,0.9999545812606812
2021-02-22 00:00:00,-0.9997966885566711
2021-02-22 00:00:00,-0.5532199740409851
2021-02-22 00:00:00,-0.9763122797012329
2021-02-22 00:00:00,-0.9307305216789246
2021-02-22 00:00:00,0.9999545812606812
2021-02-22 00:00:00,0.9213807582855225
2021-02-23 00:00:00,0.9999545812606812
2021-02-23 00:00:00,-0.8650997877120972
2021-02-19 00:00:00,-0.9999545812606812
2021-02-19 00:00:00,-0.9999545812606812
2021-02-19 00:00:00,-0.9999545812606812
2021-02-19 00:00:00,-0.9773030281066895
2021-02-19 00:00:00,-0.5652304887771606
2021-02-19 00:00:00,-0.9999545812606812
2021-02-19 00:00:00,-0.9622231125831604
2021-02-19 00:00:00,0.9999545812606812
2021-02-19 00:00:00,-0.9999545812606812
2021-02-19 00:00:00,0.9999545812606812
2021-02-19 00:00:00,-0.9881821274757385
2021-02-19 00:00:00,-0.9999165534973145
2021-02-19 00:00:00,-0.9999496936798096
2021-02-19 00:00:00,0.9999545812606812
2021-02-19 00:00:00,-0.9435111880302429
2021-02-19 00:00:00,-0.9990227222442627
2021-02-19 00:00:00,0.9999545812606812
2021-02-19 00:00:00,-0.9999545812606812
2021-02-19 00:00:00,-0.9999545812606812
2021-02-19 00:00:00,-0.9997519850730896
2021-02-19 00:00:00,0.9186680912971497
2021-02-19 00:00:00,-0.9994754195213318
2021-02-19 00:00:00,-0.9343001246452332
2021-02-19 00:00:00,-0.9987764954566956
2021-02-19 00:00:00,0.8418738842010498
2021-02-19 00:00:00,-0.9999545812606812
2021-02-19 00:00:00,0.9893127083778381
2021-02-19 00:00:00,0.5530102252960205
2021-02-19 00:00:00,0.9960100650787354
2021-02-19 00:00:00,0.9999545812606812
2021-02-19 00:00:00,0.9999545812606812
2021-02-19 00:00:00,-0.9413663744926453
2021-02-19 00:00:00,0.9929446578025818
2021-02-19 00:00:00,-0.998897910118103
2021-02-19 00:00:00,-0.9996410608291626
2021-02-19 00:00:00,-0.9999545812606812
2021-02-19 00:00:00,-0.9999545812606812
2021-02-19 00:00:00,-0.9994743466377258
2021-02-19 00:00:00,0.9999545812606812
2021-02-19 00:00:00,0.9999545812606812
2021-02-19 00:00:00,0.9508766531944275
2021-02-19 00:00:00,0.890892505645752
2021-02-19 00:00:00,0.9999446868896484
2021-02-19 00:00:00,-0.8283336758613586
2021-02-19 00:00:00,-0.9999545812606812
2021-02-19 00:00:00,-0.9999545812606812
2021-02-19 00:00:00,0.9874882698059082
2021-02-19 00:00:00,-0.9883239269256592
2021-02-19 00:00:00,0.9999269247055054
2021-02-19 00:00:00,0.9999545812606812
2021-02-19 00:00:00,-0.9992237091064453
2021-02-19 00:00:00,-0.9999545812606812
2021-02-19 00:00:00,0.9999545812606812
2021-02-19 00:00:00,-0.9999545812606812
2021-02-19 00:00:00,0.9364892244338989
2021-02-19 00:00:00,0.9999319314956665
2021-02-19 00:00:00,-0.9999545812606812
2021-02-19 00:00:00,0.7720097303390503
2021-02-19 00:00:00,-0.9999545812606812
2021-02-19 00:00:00,-0.9999227523803711
2021-02-19 00:00:00,-0.9999545812606812
2021-02-19 00:00:00,0.9998173117637634
2021-02-19 00:00:00,-0.9999545812606812
2021-02-19 00:00:00,-0.9711205363273621
2021-02-19 00:00:00,-0.9999545812606812
2021-02-19 00:00:00,-0.999940037727356
2021-02-19 00:00:00,0.9999545812606812
2021-02-19 00:00:00,-0.9999545812606812
2021-02-19 00:00:00,-0.9893007874488831
2021-02-19 00:00:00,0.9999545812606812
2021-02-19 00:00:00,-0.9987860321998596
2021-02-19 00:00:00,0.9404129981994629
2021-02-19 00:00:00,0.9999545812606812
2021-02-19 00:00:00,0.9999545812606812
2021-02-19 00:00:00,0.9999545812606812
2021-02-19 00:00:00,-0.9999545812606812
2021-02-19 00:00:00,-0.9999545812606812
2021-02-19 00:00:00,0.9742890000343323
2021-02-19 00:00:00,0.9999508857727051
2021-02-19 00:00:00,-0.8181139826774597
2021-02-19 00:00:00,-0.9999545812606812
2021-02-19 00:00:00,0.5317122340202332
2021-02-19 00:00:00,0.9999545812606812
2021-02-19 00:00:00,0.9781196117401123
2021-02-19 00:00:00,-0.6875209808349609
2021-02-19 00:00:00,-0.9758038520812988
2021-02-19 00:00:00,0.6840236783027649
2021-02-19 00:00:00,-0.9981285929679871
2021-02-19 00:00:00,-0.9999545812606812
2021-02-19 00:00:00,0.9998621940612793
2021-02-19 00:00:00,-0.9999545812606812
2021-02-19 00:00:00,-0.9999545812606812
2021-02-19 00:00:00,0.9999545812606812
2021-02-19 00:00:00,0.9385470747947693
2021-02-19 00:00:00,-0.9999545812606812
2021-02-19 00:00:00,-0.9999545812606812
2021-02-19 00:00:00,0.9999545812606812
2021-02-19 00:00:00,0.9975969195365906
2021-02-19 00:00:00,-0.9999545812606812
2021-02-19 00:00:00,-0.9999545812606812
2021-02-19 00:00:00,-0.9999545812606812
2021-02-19 00:00:00,-0.9999545812606812
2021-02-19 00:00:00,0.9999545812606812
2021-02-19 00:00:00,-0.9999545812606812
2021-02-19 00:00:00,-0.9786998629570007
2021-02-19 00:00:00,-0.9999545812606812
2021-02-19 00:00:00,-0.9999545812606812
2021-02-19 00:00:00,-0.9999545812606812
2021-02-19 00:00:00,0.9998476505279541
2021-02-19 00:00:00,0.9999545812606812
2021-02-19 00:00:00,0.9998156428337097
2021-02-19 00:00:00,-0.9999545812606812
2021-02-19 00:00:00,-0.9757075905799866
2021-02-19 00:00:00,-0.9990872144699097
2021-02-19 00:00:00,-0.9619624614715576
2021-02-19 00:00:00,-0.9995494484901428
2021-02-19 00:00:00,-0.9997561573982239
2021-02-19 00:00:00,0.9839673638343811
2021-02-19 00:00:00,0.9999545812606812
2021-02-19 00:00:00,0.9992371797561646
2021-02-19 00:00:00,0.9960054755210876
2021-02-19 00:00:00,-0.7570202946662903
2021-02-19 00:00:00,-0.9999493360519409
2021-02-19 00:00:00,-0.9999017715454102
2021-02-19 00:00:00,-0.995652437210083
2021-02-19 00:00:00,-0.9999545812606812
2021-02-19 00:00:00,0.9999545812606812
2021-02-19 00:00:00,-0.9999545812606812
2021-02-19 00:00:00,0.9824740290641785
2021-02-19 00:00:00,-0.9999545812606812
2021-02-19 00:00:00,-0.9999545812606812
2021-02-19 00:00:00,0.9908208250999451
2021-02-19 00:00:00,0.9999545812606812
2021-02-19 00:00:00,0.9702963829040527
2021-02-19 00:00:00,-0.9999545812606812
2021-02-19 00:00:00,-0.9999545812606812
2021-02-19 00:00:00,-0.8747131824493408
2021-02-19 00:00:00,0.9999545812606812
2021-02-19 00:00:00,-0.87156081199646
2021-02-19 00:00:00,-0.9999545812606812
2021-02-19 00:00:00,0.8042405247688293
2021-02-19 00:00:00,-0.9999545812606812
2021-02-19 00:00:00,-0.9998832941055298
2021-02-19 00:00:00,-0.9999545812606812
2021-02-19 00:00:00,0.9999545812606812
2021-02-19 00:00:00,0.9995276927947998
2021-02-19 00:00:00,0.9997921586036682
2021-02-19 00:00:00,-0.9999545812606812
2021-02-19 00:00:00,-0.9168822765350342
2021-02-19 00:00:00,-0.975918710231781
2021-02-19 00:00:00,0.9999545812606812
2021-02-19 00:00:00,0.9992953538894653
2021-02-19 00:00:00,-0.9935890436172485
2021-02-19 00:00:00,-0.9431536197662354
2021-02-19 00:00:00,0.9998772144317627
2021-02-19 00:00:00,0.9860529899597168
2021-02-19 00:00:00,-0.9999545812606812
2021-02-19 00:00:00,-0.9999545812606812
2021-02-19 00:00:00,-0.9999545812606812
2021-02-19 00:00:00,0.999232292175293
2021-02-19 00:00:00,-0.9999545812606812
2021-02-19 00:00:00,0.8867993354797363
2021-02-19 00:00:00,0.9998037219047546
2021-02-19 00:00:00,-0.9999545812606812
2021-02-19 00:00:00,0.9999545812606812
2021-02-19 00:00:00,0.9999545812606812
2021-02-19 00:00:00,-0.9999545812606812
2021-02-19 00:00:00,-0.8542073965072632
2021-02-19 00:00:00,-0.9999545812606812
2021-02-19 00:00:00,-0.9749270677566528
2021-02-19 00:00:00,0.8451876044273376
2021-02-19 00:00:00,0.9999545812606812
2021-02-19 00:00:00,-0.9999545812606812
2021-02-19 00:00:00,-0.9999545812606812
2021-02-19 00:00:00,-0.9999545812606812
2021-02-19 00:00:00,0.9999545812606812
2021-02-19 00:00:00,-0.9999513626098633
2021-02-19 00:00:00,-0.8717473149299622
2021-02-19 00:00:00,0.9998571872711182
2021-02-19 00:00:00,0.9998571872711182
2021-02-19 00:00:00,0.9999545812606812
2021-02-19 00:00:00,-0.9999545812606812
2021-02-19 00:00:00,-0.9999545812606812
2021-02-19 00:00:00,0.9851500391960144
2021-02-19 00:00:00,0.9999545812606812
2021-02-19 00:00:00,0.8646743297576904
2021-02-19 00:00:00,-0.9839497804641724
2021-02-19 00:00:00,0.9506667256355286
2021-02-19 00:00:00,-0.9977152347564697
2021-02-19 00:00:00,-0.9999545812606812
2021-02-19 00:00:00,-0.9985407590866089
2021-02-19 00:00:00,-0.9999545812606812
2021-02-19 00:00:00,-0.9999545812606812
2021-02-19 00:00:00,0.9996802806854248
2021-02-19 00:00:00,-0.9959893822669983
2021-02-19 00:00:00,-0.9999545812606812
2021-02-19 00:00:00,0.9999545812606812
2021-02-19 00:00:00,-0.9078925251960754
2021-02-19 00:00:00,0.9999545812606812
2021-02-19 00:00:00,0.9624349474906921
2021-02-19 00:00:00,0.9999545812606812
2021-02-19 00:00:00,-0.9999545812606812
2021-02-19 00:00:00,0.9999545812606812
2021-02-19 00:00:00,-0.9999545812606812
2021-02-20 00:00:00,-0.9999442100524902
2021-02-20 00:00:00,0.9876749515533447
2021-02-20 00:00:00,-0.9999545812606812
2021-02-20 00:00:00,0.9999545812606812
2021-02-20 00:00:00,0.9999545812606812
2021-02-20 00:00:00,0.9647985696792603
2021-02-19 00:00:00,0.9996908903121948
2021-02-19 00:00:00,0.9999545812606812
2021-02-20 00:00:00,0.8785296678543091
2021-02-17 00:00:00,0.9999545812606812
2021-02-17 00:00:00,0.9999545812606812
2021-02-17 00:00:00,0.8377360701560974
2021-02-17 00:00:00,0.9999545812606812
2021-02-17 00:00:00,0.9999545812606812
2021-02-17 00:00:00,-0.9999545812606812
2021-02-17 00:00:00,0.6171385645866394
2021-02-17 00:00:00,0.9382755160331726
2021-02-17 00:00:00,0.9999545812606812
2021-02-17 00:00:00,0.9999545812606812
2021-02-17 00:00:00,-0.9999545812606812
2021-02-17 00:00:00,0.9999545812606812
2021-02-17 00:00:00,-0.9999545812606812
2021-02-17 00:00:00,0.9999545812606812
2021-02-17 00:00:00,-0.9999545812606812
2021-02-18 00:00:00,-0.9999545812606812
2021-02-18 00:00:00,-0.9999545812606812
2021-02-19 00:00:00,-0.9999545812606812
2021-02-19 00:00:00,-0.9999312162399292
2021-02-19 00:00:00,0.9999545812606812
2021-02-19 00:00:00,0.9999545812606812
2021-02-19 00:00:00,-0.9913033246994019
2021-02-19 00:00:00,0.9842157959938049
2021-02-19 00:00:00,-0.9999545812606812
2021-02-19 00:00:00,0.9999545812606812
2021-02-19 00:00:00,-0.9621788263320923
2021-02-19 00:00:00,-0.8976944088935852
2021-02-19 00:00:00,0.9991776347160339
2021-02-19 00:00:00,-0.9998828172683716
2021-02-19 00:00:00,-0.9999545812606812
2021-02-20 00:00:00,-0.5763834714889526
2021-02-20 00:00:00,0.9999545812606812
2021-02-20 00:00:00,0.9999545812606812
2021-02-25 00:00:00,0.9828053116798401
2021-02-23 00:00:00,-0.6051135659217834
2021-02-23 00:00:00,-0.9999545812606812
2021-02-23 00:00:00,-0.9995890259742737
2021-02-23 00:00:00,-0.9984065890312195
2021-02-23 00:00:00,-0.9999545812606812
2021-02-23 00:00:00,0.9999545812606812
2021-02-23 00:00:00,0.9999545812606812
2021-02-23 00:00:00,0.8190456032752991
2021-02-23 00:00:00,0.9999545812606812
2021-02-23 00:00:00,-0.9999545812606812
2021-02-23 00:00:00,-0.9999545812606812
2021-02-23 00:00:00,-0.9653785824775696
2021-02-23 00:00:00,0.9999545812606812
2021-02-23 00:00:00,-0.9852036237716675
2021-02-23 00:00:00,0.9999545812606812
2021-02-23 00:00:00,0.8654974102973938
2021-02-23 00:00:00,0.9999545812606812
2021-02-23 00:00:00,-0.9999545812606812
2021-02-23 00:00:00,0.7356905341148376
2021-02-23 00:00:00,-0.9999545812606812
2021-02-23 00:00:00,0.9999545812606812
2021-02-23 00:00:00,-0.9999545812606812
2021-02-23 00:00:00,-0.9999545812606812
2021-02-23 00:00:00,0.9996196031570435
2021-02-23 00:00:00,0.9999545812606812
2021-02-23 00:00:00,-0.505668580532074
2021-02-23 00:00:00,-0.9999545812606812
2021-02-23 00:00:00,-0.9999545812606812
2021-02-23 00:00:00,0.9999545812606812
2021-02-23 00:00:00,0.9780333638191223
2021-02-23 00:00:00,-0.8461329936981201
2021-02-23 00:00:00,0.8866091370582581
2021-02-23 00:00:00,-0.9250494837760925
2021-02-23 00:00:00,-0.9250494837760925
2021-02-23 00:00:00,-0.9999545812606812
2021-02-23 00:00:00,0.8895801901817322
2021-02-23 00:00:00,-0.9877758026123047
2021-02-23 00:00:00,0.8257166147232056
2021-02-23 00:00:00,0.9975202679634094
2021-02-23 00:00:00,0.9999545812606812
2021-02-23 00:00:00,-0.9977821707725525
2021-02-23 00:00:00,0.9999545812606812
2021-02-23 00:00:00,0.9999545812606812
2021-02-23 00:00:00,-0.9999545812606812
2021-02-23 00:00:00,0.9999125003814697
2021-02-23 00:00:00,0.9999545812606812
2021-02-23 00:00:00,-0.9999545812606812
2021-02-23 00:00:00,-0.9988527297973633
2021-02-23 00:00:00,-0.9996384382247925
2021-02-23 00:00:00,-0.9999545812606812
2021-02-23 00:00:00,0.999871015548706
2021-02-23 00:00:00,0.9989960789680481
2021-02-23 00:00:00,0.9999545812606812
2021-02-23 00:00:00,0.9999545812606812
2021-02-23 00:00:00,0.9499410390853882
2021-02-23 00:00:00,0.9999545812606812
2021-02-23 00:00:00,-0.9740777015686035
2021-02-23 00:00:00,-0.9999545812606812
2021-02-23 00:00:00,0.9999545812606812
2021-02-23 00:00:00,0.9999545812606812
2021-02-23 00:00:00,0.9986193180084229
2021-02-23 00:00:00,-0.9999545812606812
2021-02-23 00:00:00,-0.9880092740058899
2021-02-23 00:00:00,-0.8181527853012085
2021-02-23 00:00:00,-0.9999545812606812
2021-02-23 00:00:00,-0.99887615442276
2021-02-23 00:00:00,-0.9999545812606812
2021-02-23 00:00:00,-0.9999545812606812
2021-02-23 00:00:00,-0.9999545812606812
2021-02-23 00:00:00,0.9999500513076782
2021-02-23 00:00:00,0.9981380701065063
2021-02-23 00:00:00,-0.9986328482627869
2021-02-23 00:00:00,0.952972948551178
2021-02-23 00:00:00,0.9999545812606812
2021-02-23 00:00:00,-0.6343952417373657
2021-02-23 00:00:00,-0.9999545812606812
2021-02-23 00:00:00,-0.6789894700050354
2021-02-23 00:00:00,-0.9999545812606812
2021-02-23 00:00:00,0.9609073996543884
2021-02-23 00:00:00,0.9999545812606812
2021-02-23 00:00:00,0.999452531337738
2021-02-23 00:00:00,0.9999545812606812
2021-02-23 00:00:00,0.9999545812606812
2021-02-23 00:00:00,-0.9999457597732544
2021-02-23 00:00:00,0.9999545812606812
2021-02-23 00:00:00,0.7563139200210571
2021-02-23 00:00:00,-0.999798595905304
2021-02-23 00:00:00,0.9823624491691589
2021-02-23 00:00:00,-0.9999545812606812
2021-02-23 00:00:00,-0.9839804172515869
2021-02-23 00:00:00,-0.9999545812606812
2021-02-23 00:00:00,0.9999545812606812
2021-02-23 00:00:00,-0.9999545812606812
2021-02-23 00:00:00,0.9999545812606812
2021-02-23 00:00:00,-0.9999545812606812
2021-02-23 00:00:00,-0.9985609650611877
2021-02-23 00:00:00,0.9877447485923767
2021-02-23 00:00:00,-0.6872295141220093
2021-02-23 00:00:00,0.72826087474823
2021-02-23 00:00:00,-0.9999545812606812
2021-02-23 00:00:00,-0.9987514019012451
2021-02-23 00:00:00,0.9999545812606812
2021-02-23 00:00:00,0.9999545812606812
2021-02-23 00:00:00,0.9999545812606812
2021-02-23 00:00:00,0.9999545812606812
2021-02-23 00:00:00,-0.5279180407524109
2021-02-23 00:00:00,0.5809166431427002
2021-02-23 00:00:00,0.9999545812606812
2021-02-23 00:00:00,0.9999545812606812
2021-02-23 00:00:00,0.9991764426231384
2021-02-23 00:00:00,0.9999545812606812
2021-02-23 00:00:00,0.9362084269523621
2021-02-23 00:00:00,0.9999372959136963
2021-02-23 00:00:00,0.9839142560958862
2021-02-23 00:00:00,0.9633723497390747
2021-02-23 00:00:00,-0.9999545812606812
2021-02-23 00:00:00,-0.973883867263794
2021-02-23 00:00:00,0.9928021430969238
2021-02-23 00:00:00,-0.9892997741699219
2021-02-23 00:00:00,0.9999545812606812
2021-02-23 00:00:00,-0.9998816251754761
2021-02-23 00:00:00,0.9995902180671692
2021-02-23 00:00:00,-0.9999545812606812
2021-02-23 00:00:00,-0.9791172742843628
2021-02-23 00:00:00,0.9499306678771973
2021-02-23 00:00:00,-0.9996161460876465
2021-02-23 00:00:00,-0.9999545812606812
2021-02-23 00:00:00,0.9999545812606812
2021-02-23 00:00:00,-0.9999545812606812
2021-02-23 00:00:00,0.9787034392356873
2021-02-23 00:00:00,0.9914036393165588
2021-02-23 00:00:00,0.9999545812606812
2021-02-23 00:00:00,0.9494031071662903
2021-02-23 00:00:00,-0.9999545812606812
2021-02-23 00:00:00,-0.9999545812606812
2021-02-23 00:00:00,0.9203191995620728
2021-02-23 00:00:00,0.9972023963928223
2021-02-23 00:00:00,0.8662631511688232
2021-02-23 00:00:00,0.9628139734268188
2021-02-23 00:00:00,0.9871325492858887
2021-02-23 00:00:00,-0.9972096085548401
2021-02-23 00:00:00,-0.9999545812606812
2021-02-23 00:00:00,0.9351741075515747
2021-02-23 00:00:00,0.9999545812606812
2021-02-23 00:00:00,-0.9999545812606812
2021-02-23 00:00:00,-0.9999545812606812
2021-02-23 00:00:00,-0.7393690943717957
2021-02-23 00:00:00,0.9999545812606812
2021-02-23 00:00:00,0.918870747089386
2021-02-23 00:00:00,-0.9999545812606812
2021-02-23 00:00:00,-0.9999545812606812
2021-02-23 00:00:00,-0.9999545812606812
2021-02-23 00:00:00,-0.9999545812606812
2021-02-23 00:00:00,-0.9517514705657959
2021-02-23 00:00:00,-0.9999545812606812
2021-02-23 00:00:00,-0.9365707039833069
2021-02-23 00:00:00,-0.9916438460350037
2021-02-23 00:00:00,0.9163771271705627
2021-02-23 00:00:00,-0.9792742133140564
2021-02-23 00:00:00,-0.9956616759300232
2021-02-23 00:00:00,-0.9999545812606812
2021-02-23 00:00:00,-0.9999545812606812
2021-02-23 00:00:00,0.9999545812606812
2021-02-23 00:00:00,0.9999545812606812
2021-02-23 00:00:00,0.9999545812606812
2021-02-23 00:00:00,-0.9998718500137329
2021-02-23 00:00:00,0.9999545812606812
2021-02-23 00:00:00,-0.9999545812606812
2021-02-23 00:00:00,0.9999545812606812
2021-02-23 00:00:00,0.9999545812606812
2021-02-23 00:00:00,-0.9988516569137573
2021-02-23 00:00:00,-0.9999545812606812
2021-02-23 00:00:00,-0.9996637105941772
2021-02-23 00:00:00,0.9990736246109009
2021-02-23 00:00:00,-0.9999545812606812
2021-02-23 00:00:00,0.8731905221939087
2021-02-23 00:00:00,-0.9999545812606812
2021-02-23 00:00:00,0.9999545812606812
2021-02-23 00:00:00,-0.9999545812606812
2021-02-23 00:00:00,0.9698236584663391
2021-02-23 00:00:00,0.9999545812606812
2021-02-23 00:00:00,-0.9999545812606812
2021-02-23 00:00:00,0.8345111012458801
2021-02-23 00:00:00,0.9999545812606812
2021-02-23 00:00:00,-0.9999545812606812
2021-02-23 00:00:00,-0.9999345541000366
2021-02-23 00:00:00,0.9999545812606812
2021-02-23 00:00:00,-0.9999545812606812
2021-02-23 00:00:00,0.9920726418495178
2021-02-23 00:00:00,-0.9828117489814758
2021-02-23 00:00:00,0.9962749481201172
2021-02-23 00:00:00,0.9999545812606812
2021-02-23 00:00:00,-0.9999115467071533
2021-02-23 00:00:00,0.9999545812606812
2021-02-23 00:00:00,0.9999545812606812
2021-02-23 00:00:00,-0.9999545812606812
2021-02-23 00:00:00,0.9999545812606812
2021-02-23 00:00:00,0.9896371960639954
2021-02-23 00:00:00,-0.978910505771637
2021-02-23 00:00:00,-0.9964079260826111
2021-02-23 00:00:00,0.9999545812606812
2021-02-23 00:00:00,0.9994533658027649
2021-02-23 00:00:00,0.9999545812606812
2021-02-23 00:00:00,0.9895852208137512
2021-02-23 00:00:00,-0.9998451471328735
2021-02-23 00:00:00,-0.7185429334640503
2021-02-23 00:00:00,-0.9999545812606812
2021-02-23 00:00:00,-0.9652660489082336
2021-02-23 00:00:00,-0.9969876408576965
2021-02-23 00:00:00,-0.9999545812606812
2021-02-23 00:00:00,0.9998935461044312
2021-02-23 00:00:00,-0.9999545812606812
2021-02-23 00:00:00,-0.9757843017578125
2021-02-23 00:00:00,0.9999545812606812
2021-02-23 00:00:00,0.9983793497085571
2021-02-23 00:00:00,-0.9999545812606812
2021-02-23 00:00:00,0.9999545812606812
2021-02-23 00:00:00,0.9999545812606812
2021-02-23 00:00:00,-0.9973793029785156
2021-02-23 00:00:00,0.9817094206809998
2021-02-23 00:00:00,-0.9986635446548462
2021-02-23 00:00:00,-0.9999545812606812
2021-02-23 00:00:00,-0.9899165034294128
2021-02-23 00:00:00,-0.9999545812606812
2021-02-23 00:00:00,-0.9999545812606812
2021-02-23 00:00:00,0.9965389966964722
2021-02-23 00:00:00,0.9999545812606812
2021-02-23 00:00:00,-0.9999545812606812
2021-02-23 00:00:00,-0.9994986057281494
2021-02-23 00:00:00,0.9999545812606812
2021-02-23 00:00:00,-0.9999545812606812
2021-02-23 00:00:00,0.9202954173088074
2021-02-23 00:00:00,-0.8968176245689392
2021-02-23 00:00:00,0.9993038177490234
2021-02-23 00:00:00,0.9999545812606812
2021-02-23 00:00:00,0.9999545812606812
2021-02-23 00:00:00,-0.9999545812606812
2021-02-23 00:00:00,-0.9999545812606812
2021-02-23 00:00:00,-0.9999545812606812
2021-02-23 00:00:00,0.9999545812606812
2021-02-23 00:00:00,0.9999545812606812
2021-02-23 00:00:00,0.7135575413703918
2021-02-23 00:00:00,-0.9998548030853271
2021-02-23 00:00:00,0.9999545812606812
2021-02-23 00:00:00,0.9999545812606812
2021-02-23 00:00:00,-0.9999545812606812
2021-02-23 00:00:00,-0.9999545812606812
2021-02-23 00:00:00,-0.8406628370285034
2021-02-23 00:00:00,-0.9999545812606812
2021-02-23 00:00:00,-0.8674278855323792
2021-02-23 00:00:00,-0.7438610792160034
2021-02-23 00:00:00,0.9999545812606812
2021-02-23 00:00:00,0.9982616305351257
2021-02-23 00:00:00,0.8007956147193909
2021-02-23 00:00:00,0.9999545812606812
2021-02-23 00:00:00,0.9999545812606812
2021-02-23 00:00:00,-0.9399991631507874
2021-02-23 00:00:00,-0.9999545812606812
2021-02-23 00:00:00,0.9999545812606812
2021-02-23 00:00:00,-0.8708688020706177
2021-02-23 00:00:00,-0.9999071359634399
2021-02-23 00:00:00,-0.9999545812606812
2021-02-23 00:00:00,0.9999545812606812
2021-02-23 00:00:00,0.9999545812606812
2021-02-23 00:00:00,0.9981904625892639
2021-02-23 00:00:00,-0.9988849759101868
2021-02-23 00:00:00,0.9642724394798279
2021-02-23 00:00:00,0.9975292086601257
2021-02-23 00:00:00,-0.9999545812606812
2021-02-23 00:00:00,0.9389203190803528
2021-02-23 00:00:00,-0.9999545812606812
2021-02-23 00:00:00,0.9999545812606812
2021-02-23 00:00:00,-0.5685446262359619
2021-02-23 00:00:00,0.9999545812606812
2021-02-23 00:00:00,0.8763405084609985
2021-02-23 00:00:00,-0.9945249557495117
2021-02-23 00:00:00,-0.999925971031189
2021-02-23 00:00:00,0.9043839573860168
2021-02-23 00:00:00,0.9999545812606812
2021-02-23 00:00:00,0.600965678691864
2021-02-23 00:00:00,0.5674371719360352
2021-02-23 00:00:00,-0.99968421459198
2021-02-23 00:00:00,-0.9999545812606812
2021-02-23 00:00:00,-0.9999545812606812
2021-02-23 00:00:00,-0.8741553425788879
2021-02-23 00:00:00,-0.951728343963623
2021-02-23 00:00:00,0.9701453447341919
2021-02-23 00:00:00,-0.9996205568313599
2021-02-23 00:00:00,-0.9737725257873535
2021-02-23 00:00:00,0.9999545812606812
2021-02-23 00:00:00,0.8456019163131714
2021-02-23 00:00:00,-0.9999545812606812
2021-02-23 00:00:00,0.9926169514656067
2021-02-23 00:00:00,-0.9240965843200684
2021-02-23 00:00:00,0.9999545812606812
2021-02-23 00:00:00,0.9316663146018982
2021-02-23 00:00:00,0.9995242357254028
2021-02-23 00:00:00,0.9999545812606812
2021-02-23 00:00:00,0.9999545812606812
2021-02-23 00:00:00,0.9998118281364441
2021-02-23 00:00:00,0.997892439365387
2021-02-23 00:00:00,-0.9942793846130371
2021-02-23 00:00:00,-0.9999545812606812
2021-02-23 00:00:00,0.9999545812606812
2021-02-23 00:00:00,-0.9880577325820923
2021-02-23 00:00:00,0.9999545812606812
2021-02-23 00:00:00,-0.9999545812606812
2021-02-23 00:00:00,-0.999884843826294
2021-02-23 00:00:00,0.9999545812606812
2021-02-23 00:00:00,-0.9999545812606812
2021-02-23 00:00:00,-0.9982683658599854
2021-02-23 00:00:00,-0.9999545812606812
2021-02-23 00:00:00,0.9999545812606812
2021-02-23 00:00:00,-0.9999545812606812
2021-02-23 00:00:00,-0.9999545812606812
2021-02-23 00:00:00,0.8851247429847717
2021-02-23 00:00:00,-0.9999545812606812
2021-02-23 00:00:00,-0.9999545812606812
2021-02-23 00:00:00,0.9999545812606812
2021-02-23 00:00:00,-0.9736247658729553
2021-02-23 00:00:00,0.9999545812606812
2021-02-23 00:00:00,-0.9992170333862305
2021-02-23 00:00:00,0.9999545812606812
2021-02-23 00:00:00,-0.9999545812606812
2021-02-23 00:00:00,0.9991223216056824
2021-02-23 00:00:00,0.9999545812606812
2021-02-23 00:00:00,-0.9999446868896484
2021-02-23 00:00:00,-0.9999545812606812
2021-02-23 00:00:00,-0.9987331032752991
2021-02-23 00:00:00,-0.545849084854126
2021-02-23 00:00:00,-0.9999545812606812
2021-02-23 00:00:00,0.9103289246559143
2021-02-23 00:00:00,-0.9998799562454224
2021-02-23 00:00:00,0.9999545812606812
2021-02-23 00:00:00,0.9996367692947388
2021-02-23 00:00:00,0.9999545812606812
2021-02-23 00:00:00,0.9999545812606812
2021-02-23 00:00:00,-0.9737886786460876
2021-02-23 00:00:00,-0.9585772156715393
2021-02-23 00:00:00,-0.9999037981033325
2021-02-23 00:00:00,-0.9999545812606812
2021-02-23 00:00:00,-0.8752893805503845
2021-02-23 00:00:00,-0.9449437856674194
2021-02-23 00:00:00,-0.9999545812606812
2021-02-23 00:00:00,0.7455311417579651
2021-02-23 00:00:00,0.9942532181739807
2021-02-23 00:00:00,-0.9999545812606812
2021-02-23 00:00:00,-0.9996140599250793
2021-02-23 00:00:00,-0.9999364614486694
2021-02-23 00:00:00,-0.9999545812606812
2021-02-23 00:00:00,-0.992384672164917
2021-02-23 00:00:00,0.9999545812606812
2021-02-23 00:00:00,0.9999545812606812
2021-02-23 00:00:00,0.9999545812606812
2021-02-23 00:00:00,0.9946244359016418
2021-02-23 00:00:00,0.995429515838623
2021-02-23 00:00:00,-0.9999545812606812
2021-02-23 00:00:00,-0.9999545812606812
2021-02-23 00:00:00,0.9999545812606812
2021-02-23 00:00:00,-0.9999545812606812
2021-02-23 00:00:00,-0.9975071549415588
2021-02-23 00:00:00,0.9999545812606812
2021-02-23 00:00:00,-0.9999545812606812
2021-02-23 00:00:00,-0.9999545812606812
2021-02-23 00:00:00,0.9955558180809021
2021-02-23 00:00:00,-0.9999545812606812
2021-02-23 00:00:00,-0.9999545812606812
2021-02-23 00:00:00,0.9791624546051025
2021-02-23 00:00:00,0.9999545812606812
2021-02-23 00:00:00,-0.9999545812606812
2021-02-23 00:00:00,-0.9182947874069214
2021-02-23 00:00:00,-0.9999545812606812
2021-02-23 00:00:00,-0.9587442874908447
2021-02-23 00:00:00,0.9993064403533936
2021-02-23 00:00:00,-0.9999545812606812
2021-02-23 00:00:00,-0.9999545812606812
2021-02-23 00:00:00,0.9939368367195129
2021-02-23 00:00:00,0.9999545812606812
2021-02-23 00:00:00,-0.9999545812606812
2021-02-23 00:00:00,0.9999545812606812
2021-02-23 00:00:00,0.9012154340744019
2021-02-23 00:00:00,-0.7623686790466309
2021-02-23 00:00:00,-0.9912298917770386
2021-02-23 00:00:00,-0.7710673809051514
2021-02-23 00:00:00,-0.9849527478218079
2021-02-23 00:00:00,-0.5633169412612915
2021-02-23 00:00:00,-0.9999545812606812
2021-02-23 00:00:00,-0.9998549222946167
2021-02-23 00:00:00,-0.9999545812606812
2021-02-23 00:00:00,-0.9999545812606812
2021-02-23 00:00:00,-0.9999545812606812
2021-02-23 00:00:00,-0.8689376711845398
2021-02-23 00:00:00,-0.9999545812606812
2021-02-23 00:00:00,-0.9840425848960876
2021-02-23 00:00:00,-0.8178878426551819
2021-02-23 00:00:00,-0.9999545812606812
2021-02-23 00:00:00,0.9999078512191772
2021-02-23 00:00:00,0.9999545812606812
2021-02-23 00:00:00,-0.9062744975090027
2021-02-23 00:00:00,0.5429626107215881
2021-02-23 00:00:00,0.9999545812606812
2021-02-23 00:00:00,0.9999545812606812
2021-02-23 00:00:00,0.8541157245635986
2021-02-23 00:00:00,0.9405310750007629
2021-02-23 00:00:00,0.9875873923301697
2021-02-23 00:00:00,0.5672905445098877
2021-02-23 00:00:00,0.9986170530319214
2021-02-23 00:00:00,-0.9999545812606812
2021-02-23 00:00:00,0.9848619699478149
2021-02-23 00:00:00,0.9997466206550598
2021-02-23 00:00:00,-0.9995593428611755
2021-02-23 00:00:00,-0.99949049949646
2021-02-23 00:00:00,-0.5629149675369263
2021-02-23 00:00:00,0.998414158821106
2021-02-23 00:00:00,-0.9999545812606812
2021-02-23 00:00:00,0.9948075413703918
2021-02-23 00:00:00,0.9086083173751831
2021-02-23 00:00:00,0.9999545812606812
2021-02-23 00:00:00,-0.8294028639793396
2021-02-23 00:00:00,-0.9999545812606812
2021-02-23 00:00:00,-0.808693528175354
2021-02-23 00:00:00,0.5353261232376099
2021-02-23 00:00:00,0.9999544620513916
2021-02-23 00:00:00,-0.9903132915496826
2021-02-23 00:00:00,0.9999545812606812
2021-02-23 00:00:00,0.7928938269615173
2021-02-23 00:00:00,-0.9999545812606812
2021-02-23 00:00:00,-0.9999545812606812
2021-02-23 00:00:00,-0.9999545812606812
2021-02-23 00:00:00,0.6735631227493286
2021-02-23 00:00:00,0.9894116520881653
2021-02-23 00:00:00,-0.9999545812606812
2021-02-23 00:00:00,-0.9996558427810669
2021-02-23 00:00:00,0.9937707781791687
2021-02-23 00:00:00,0.9997227787971497
2021-02-23 00:00:00,-0.8888399004936218
2021-02-23 00:00:00,-0.9973576664924622
2021-02-23 00:00:00,0.9999545812606812
2021-02-23 00:00:00,0.9874646663665771
2021-02-23 00:00:00,0.7505720853805542
2021-02-23 00:00:00,0.9839120507240295
2021-02-23 00:00:00,-0.9999545812606812
2021-02-23 00:00:00,-0.5892471075057983
2021-02-23 00:00:00,0.9999545812606812
2021-02-23 00:00:00,-0.9999463558197021
2021-02-23 00:00:00,-0.9995453953742981
2021-02-23 00:00:00,-0.9999545812606812
2021-02-23 00:00:00,0.9999545812606812
2021-02-23 00:00:00,-0.9999545812606812
2021-02-23 00:00:00,0.9999545812606812
2021-02-23 00:00:00,-0.6619275808334351
2021-02-23 00:00:00,0.9969159364700317
2021-02-23 00:00:00,0.9999545812606812
2021-02-23 00:00:00,-0.6446271538734436
2021-02-23 00:00:00,0.9925426244735718
2021-02-23 00:00:00,0.9999079704284668
2021-02-23 00:00:00,-0.9999545812606812
2021-02-23 00:00:00,-0.9999545812606812
2021-02-23 00:00:00,-0.8384513258934021
2021-02-23 00:00:00,-0.6928970813751221
2021-02-23 00:00:00,0.9999545812606812
2021-02-23 00:00:00,-0.9999545812606812
2021-02-23 00:00:00,0.9997770190238953
2021-02-23 00:00:00,0.9992017149925232
2021-02-23 00:00:00,0.9999545812606812
2021-02-23 00:00:00,-0.9960772395133972
2021-02-23 00:00:00,-0.7745429277420044
2021-02-23 00:00:00,0.9999545812606812
2021-02-23 00:00:00,-0.9999545812606812
2021-02-23 00:00:00,0.9999545812606812
2021-02-23 00:00:00,0.9999545812606812
2021-02-23 00:00:00,-0.9124327898025513
2021-02-23 00:00:00,0.9861112833023071
2021-02-23 00:00:00,0.9999545812606812
2021-02-23 00:00:00,0.9999545812606812
2021-02-23 00:00:00,0.9980182647705078
2021-02-23 00:00:00,0.8822084665298462
2021-02-23 00:00:00,-0.9999545812606812
2021-02-23 00:00:00,0.9999545812606812
2021-02-23 00:00:00,-0.9896033406257629
2021-02-23 00:00:00,-0.9947965741157532
2021-02-23 00:00:00,0.7087692022323608
2021-02-23 00:00:00,0.9999545812606812
2021-02-23 00:00:00,0.9999545812606812
2021-02-23 00:00:00,0.9999545812606812
2021-02-23 00:00:00,0.999913215637207
2021-02-23 00:00:00,-0.5773838758468628
2021-02-23 00:00:00,0.5742653608322144
2021-02-23 00:00:00,0.9999545812606812
2021-02-23 00:00:00,-0.8432345986366272
2021-02-23 00:00:00,0.9999545812606812
2021-02-23 00:00:00,-0.9992167949676514
2021-02-23 00:00:00,-0.9921544194221497
2021-02-23 00:00:00,0.9999545812606812
2021-02-23 00:00:00,0.9999545812606812
2021-02-23 00:00:00,-0.9999545812606812
2021-02-23 00:00:00,0.9999545812606812
2021-02-23 00:00:00,-0.9999545812606812
2021-02-23 00:00:00,0.9561751484870911
2021-02-23 00:00:00,-0.9363818764686584
2021-02-23 00:00:00,-0.9999545812606812
2021-02-23 00:00:00,-0.9999545812606812
2021-02-23 00:00:00,-0.999915361404419
2021-02-23 00:00:00,-0.998244047164917
2021-02-23 00:00:00,-0.9788765907287598
2021-02-23 00:00:00,-0.9999545812606812
2021-02-23 00:00:00,0.9330442547798157
2021-02-23 00:00:00,0.9991505146026611
2021-02-23 00:00:00,-0.9902592897415161
2021-02-23 00:00:00,0.9999545812606812
2021-02-23 00:00:00,0.8672254681587219
2021-02-23 00:00:00,0.9844020009040833
2021-02-23 00:00:00,-0.9958309531211853
2021-02-23 00:00:00,0.9997816681861877
2021-02-23 00:00:00,-0.9998871088027954
2021-02-23 00:00:00,0.9999545812606812
2021-02-23 00:00:00,-0.9999545812606812
2021-02-23 00:00:00,-0.9999545812606812
2021-02-23 00:00:00,0.9999545812606812
2021-02-23 00:00:00,-0.9996471405029297
2021-02-23 00:00:00,-0.9999545812606812
2021-02-23 00:00:00,0.9999545812606812
2021-02-23 00:00:00,0.9999545812606812
2021-02-23 00:00:00,-0.9990803003311157
2021-02-23 00:00:00,0.9999545812606812
2021-02-23 00:00:00,0.9985818862915039
2021-02-23 00:00:00,-0.9999545812606812
2021-02-23 00:00:00,0.9999545812606812
2021-02-23 00:00:00,-0.9390091300010681
2021-02-23 00:00:00,0.9960153698921204
2021-02-23 00:00:00,0.9359384775161743
2021-02-23 00:00:00,-0.8461534380912781
2021-02-23 00:00:00,-0.9901040196418762
2021-02-23 00:00:00,0.9999022483825684
2021-02-23 00:00:00,0.9999545812606812
2021-02-23 00:00:00,-0.9941940903663635
2021-02-23 00:00:00,0.9841974377632141
2021-02-23 00:00:00,-0.9999545812606812
2021-02-23 00:00:00,-0.9999545812606812
2021-02-23 00:00:00,0.9999428987503052
2021-02-23 00:00:00,-0.8420261740684509
2021-02-23 00:00:00,-0.9999545812606812
2021-02-23 00:00:00,-0.9999545812606812
2021-02-23 00:00:00,0.99994957447052
2021-02-23 00:00:00,-0.9999545812606812
2021-02-23 00:00:00,-0.9997503161430359
2021-02-23 00:00:00,-0.9999545812606812
2021-02-23 00:00:00,0.9833645224571228
2021-02-23 00:00:00,0.9999545812606812
2021-02-23 00:00:00,-0.9999545812606812
2021-02-23 00:00:00,-0.9999545812606812
2021-02-23 00:00:00,0.9999492168426514
2021-02-23 00:00:00,-0.9999545812606812
2021-02-23 00:00:00,0.9973053932189941
2021-02-23 00:00:00,0.9683786630630493
2021-02-23 00:00:00,-0.9643454551696777
2021-02-23 00:00:00,0.9956951141357422
2021-02-23 00:00:00,0.9997158646583557
2021-02-23 00:00:00,0.9180071353912354
2021-02-23 00:00:00,0.9331013560295105
2021-02-23 00:00:00,-0.9987938404083252
2021-02-23 00:00:00,-0.9999545812606812
2021-02-23 00:00:00,-0.9999545812606812
2021-02-23 00:00:00,0.9999545812606812
2021-02-23 00:00:00,0.9999545812606812
2021-02-23 00:00:00,0.9942808151245117
2021-02-23 00:00:00,-0.9999438524246216
2021-02-23 00:00:00,-0.9999545812606812
2021-02-23 00:00:00,0.9995679259300232
2021-02-23 00:00:00,-0.9811546206474304
2021-02-23 00:00:00,-0.9960220456123352
2021-02-23 00:00:00,-0.9999545812606812
2021-02-23 00:00:00,-0.9670869708061218
2021-02-23 00:00:00,0.9999545812606812
2021-02-23 00:00:00,-0.9996404647827148
2021-02-23 00:00:00,-0.9999545812606812
2021-02-23 00:00:00,-0.9999545812606812
2021-02-23 00:00:00,0.9999545812606812
2021-02-23 00:00:00,0.5055662989616394
2021-02-23 00:00:00,-0.9999545812606812
2021-02-23 00:00:00,-0.9999545812606812
2021-02-23 00:00:00,0.9999545812606812
2021-02-23 00:00:00,0.9999545812606812
2021-02-23 00:00:00,-0.9999033212661743
2021-02-23 00:00:00,0.9941195249557495
2021-02-23 00:00:00,-0.9831523895263672
2021-02-23 00:00:00,0.9999545812606812
2021-02-23 00:00:00,-0.9999545812606812
2021-02-23 00:00:00,0.9999545812606812
2021-02-23 00:00:00,0.9999545812606812
2021-02-23 00:00:00,0.915188729763031
2021-02-23 00:00:00,-0.9989626407623291
2021-02-23 00:00:00,-0.8861063718795776
2021-02-23 00:00:00,0.9999545812606812
2021-02-23 00:00:00,0.999944806098938
2021-02-23 00:00:00,-0.9999545812606812
2021-02-23 00:00:00,0.9999332427978516
2021-02-23 00:00:00,0.9999545812606812
2021-02-23 00:00:00,-0.9999197721481323
2021-02-23 00:00:00,-0.9725682139396667
2021-02-23 00:00:00,-0.9988986253738403
2021-02-23 00:00:00,0.6496630907058716
2021-02-23 00:00:00,0.9960142374038696
2021-02-23 00:00:00,0.9972499012947083
2021-02-23 00:00:00,0.9999545812606812
2021-02-23 00:00:00,0.9999392032623291
2021-02-23 00:00:00,-0.7810946106910706
2021-02-23 00:00:00,-0.9999545812606812
2021-02-23 00:00:00,0.9999545812606812
2021-02-23 00:00:00,-0.9999176263809204
2021-02-23 00:00:00,-0.9999545812606812
2021-02-23 00:00:00,0.9912749528884888
2021-02-23 00:00:00,-0.9999545812606812
2021-02-23 00:00:00,0.9999545812606812
2021-02-23 00:00:00,-0.5675351619720459
2021-02-23 00:00:00,-0.9999545812606812
2021-02-23 00:00:00,0.8582161664962769
2021-02-23 00:00:00,-0.9999545812606812
2021-02-23 00:00:00,-0.9999545812606812
2021-02-23 00:00:00,0.7595387101173401
2021-02-23 00:00:00,0.9822943210601807
2021-02-23 00:00:00,0.9998941421508789
2021-02-23 00:00:00,0.9999545812606812
2021-02-23 00:00:00,-0.9970345497131348
2021-02-23 00:00:00,0.8671528100967407
2021-02-23 00:00:00,0.9982078075408936
2021-02-23 00:00:00,-0.9999545812606812
2021-02-23 00:00:00,-0.9997974038124084
2021-02-23 00:00:00,-0.9999545812606812
2021-02-23 00:00:00,0.9999545812606812
2021-02-23 00:00:00,-0.8702449798583984
2021-02-23 00:00:00,0.9954928159713745
2021-02-23 00:00:00,0.9864639043807983
2021-02-23 00:00:00,-0.9999545812606812
2021-02-23 00:00:00,-0.6898248195648193
2021-02-23 00:00:00,-0.8616779446601868
2021-02-23 00:00:00,0.9981881976127625
2021-02-23 00:00:00,-0.9984033703804016
2021-02-23 00:00:00,0.9999545812606812
2021-02-23 00:00:00,-0.497856080532074
2021-02-23 00:00:00,-0.9999545812606812
2021-02-23 00:00:00,-0.8833919763565063
2021-02-23 00:00:00,-0.6493683457374573
2021-02-23 00:00:00,-0.9999545812606812
2021-02-23 00:00:00,-0.8577169179916382
2021-02-23 00:00:00,0.998958945274353
2021-02-23 00:00:00,-0.9999545812606812
2021-02-23 00:00:00,0.9999545812606812
2021-02-23 00:00:00,-0.975026547908783
2021-02-23 00:00:00,-0.9999545812606812
2021-02-23 00:00:00,0.5656252503395081
2021-02-23 00:00:00,-0.9999545812606812
2021-02-23 00:00:00,0.9718461036682129
2021-02-23 00:00:00,-0.9901774525642395
2021-02-23 00:00:00,-0.9999545812606812
2021-02-23 00:00:00,-0.9999545812606812
2021-02-23 00:00:00,0.9808257222175598
2021-02-23 00:00:00,0.9920908212661743
2021-02-23 00:00:00,-0.9844299554824829
2021-02-23 00:00:00,-0.9999545812606812
2021-02-23 00:00:00,-0.9999545812606812
2021-02-23 00:00:00,0.979951024055481
2021-02-23 00:00:00,0.9988362193107605
2021-02-23 00:00:00,-0.9999545812606812
2021-02-23 00:00:00,0.9940535426139832
2021-02-23 00:00:00,0.9999545812606812
2021-02-23 00:00:00,-0.9999545812606812
2021-02-23 00:00:00,-0.9999545812606812
2021-02-23 00:00:00,-0.9999545812606812
2021-02-23 00:00:00,-0.9999545812606812
2021-02-23 00:00:00,0.9999545812606812
2021-02-23 00:00:00,0.9999545812606812
2021-02-23 00:00:00,-0.9999545812606812
2021-02-23 00:00:00,-0.9999545812606812
2021-02-23 00:00:00,0.9999545812606812
2021-02-23 00:00:00,-0.9762731790542603
2021-02-23 00:00:00,0.8051042556762695
2021-02-23 00:00:00,-0.9999545812606812
2021-02-23 00:00:00,0.9989633560180664
2021-02-23 00:00:00,-0.9999545812606812
2021-02-23 00:00:00,0.9999545812606812
2021-02-23 00:00:00,-0.9999545812606812
2021-02-23 00:00:00,0.9941061735153198
2021-02-23 00:00:00,-0.9999161958694458
2021-02-23 00:00:00,0.8524155616760254
2021-02-23 00:00:00,0.9988664388656616
2021-02-23 00:00:00,-0.9999545812606812
2021-02-23 00:00:00,0.5957427024841309
2021-02-23 00:00:00,-0.9999545812606812
2021-02-23 00:00:00,0.5899516344070435
2021-02-23 00:00:00,-0.9999545812606812
2021-02-23 00:00:00,-0.9938001036643982
2021-02-23 00:00:00,-0.9999545812606812
2021-02-23 00:00:00,-0.9997581839561462
2021-02-23 00:00:00,-0.9860153198242188
2021-02-23 00:00:00,-0.6390386819839478
2021-02-23 00:00:00,0.9999302625656128
2021-02-23 00:00:00,0.9999545812606812
2021-02-23 00:00:00,0.9999545812606812
2021-02-23 00:00:00,0.9999545812606812
2021-02-23 00:00:00,-0.9999545812606812
2021-02-23 00:00:00,-0.9999545812606812
2021-02-23 00:00:00,-0.9999545812606812
2021-02-23 00:00:00,-0.6503162980079651
2021-02-23 00:00:00,-0.9999545812606812
2021-02-23 00:00:00,0.9998646974563599
2021-02-23 00:00:00,-0.9999545812606812
2021-02-23 00:00:00,0.9999545812606812
2021-02-23 00:00:00,0.9008179903030396
2021-02-23 00:00:00,-0.9999545812606812
2021-02-23 00:00:00,0.9999545812606812
2021-02-23 00:00:00,-0.9374143481254578
2021-02-23 00:00:00,-0.9999545812606812
2021-02-23 00:00:00,-0.9999545812606812
2021-02-23 00:00:00,0.9999545812606812
2021-02-23 00:00:00,0.9999545812606812
2021-02-23 00:00:00,-0.9999545812606812
2021-02-23 00:00:00,-0.9992347955703735
2021-02-23 00:00:00,-0.9999468326568604
2021-02-23 00:00:00,0.9999545812606812
2021-02-23 00:00:00,0.9999545812606812
2021-02-23 00:00:00,0.9996228218078613
2021-02-23 00:00:00,-0.7061101198196411
2021-02-23 00:00:00,-0.8336315155029297
2021-02-23 00:00:00,-0.9999545812606812
2021-02-23 00:00:00,-0.9999536275863647
2021-02-23 00:00:00,-0.826249897480011
2021-02-23 00:00:00,-0.8813230991363525
2021-02-23 00:00:00,-0.9991773962974548
2021-02-24 00:00:00,-0.9999545812606812
2021-02-24 00:00:00,-0.9999545812606812
2021-02-23 00:00:00,0.7959058880805969
2021-02-24 00:00:00,-0.9364022612571716
2021-02-24 00:00:00,0.9996585845947266
2021-02-24 00:00:00,-0.9999545812606812
2021-02-24 00:00:00,0.9999545812606812
2021-02-24 00:00:00,0.9999332427978516
2021-02-24 00:00:00,-0.97865891456604
2021-02-24 00:00:00,0.9999545812606812
2021-02-24 00:00:00,-0.9999545812606812
2021-02-24 00:00:00,0.9952130317687988
2021-02-24 00:00:00,0.9999545812606812
2021-02-24 00:00:00,-0.9999545812606812
2021-02-24 00:00:00,0.9233274459838867
2021-02-24 00:00:00,-0.9999545812606812
2021-02-24 00:00:00,0.9999545812606812
2021-02-24 00:00:00,0.9999545812606812
2021-02-24 00:00:00,0.9999545812606812
2021-02-24 00:00:00,-0.9958160519599915
2021-02-24 00:00:00,0.9999545812606812
2021-02-24 00:00:00,-0.9981178045272827
2021-02-24 00:00:00,0.9999545812606812
2021-02-24 00:00:00,0.9999545812606812
2021-02-24 00:00:00,0.9999545812606812
2021-02-24 00:00:00,0.9999545812606812
2021-02-24 00:00:00,-0.8974587321281433
2021-02-24 00:00:00,-0.9999545812606812
2021-02-24 00:00:00,0.9999545812606812
2021-02-24 00:00:00,0.9999545812606812
2021-02-24 00:00:00,-0.9597740769386292
2021-02-24 00:00:00,-0.922221302986145
2021-02-24 00:00:00,-0.9913841485977173
2021-02-24 00:00:00,0.5855408310890198
2021-02-24 00:00:00,0.9999545812606812
2021-02-24 00:00:00,0.9999545812606812
2021-02-24 00:00:00,-0.9648872017860413
2021-02-24 00:00:00,-0.9999545812606812
2021-02-24 00:00:00,0.9999545812606812
2021-02-24 00:00:00,0.9998824596405029
2021-02-24 00:00:00,-0.9999545812606812
2021-02-24 00:00:00,0.9999545812606812
2021-02-24 00:00:00,0.9999545812606812
2021-02-24 00:00:00,0.99994957447052
2021-02-24 00:00:00,0.9999545812606812
2021-02-24 00:00:00,0.9999545812606812
2021-02-24 00:00:00,0.9999545812606812
2021-02-24 00:00:00,-0.9999545812606812
2021-02-24 00:00:00,-0.7305672764778137
2021-02-24 00:00:00,-0.6156328916549683
2021-02-24 00:00:00,-0.9999545812606812
2021-02-24 00:00:00,0.9950578212738037
2021-02-24 00:00:00,-0.9999545812606812
2021-02-24 00:00:00,-0.9999431371688843
2021-02-24 00:00:00,-0.9999545812606812
2021-02-24 00:00:00,0.9999545812606812
2021-02-24 00:00:00,0.9999545812606812
2021-02-24 00:00:00,0.9343928694725037
2021-02-24 00:00:00,0.9999545812606812
2021-02-24 00:00:00,-0.875141978263855
2021-02-24 00:00:00,0.9999545812606812
2021-02-24 00:00:00,-0.9999545812606812
2021-02-24 00:00:00,0.8705065846443176
2021-02-24 00:00:00,-0.9999545812606812
2021-02-24 00:00:00,0.9999545812606812
2021-02-24 00:00:00,-0.9999545812606812
2021-02-24 00:00:00,-0.9999545812606812
2021-02-24 00:00:00,-0.9999545812606812
2021-02-24 00:00:00,0.9999390840530396
2021-02-24 00:00:00,0.9999545812606812
2021-02-24 00:00:00,-0.9999545812606812
2021-02-24 00:00:00,-0.9998987913131714
2021-02-24 00:00:00,0.9999545812606812
2021-02-23 00:00:00,0.9999545812606812
2021-02-24 00:00:00,-0.9999545812606812
2021-02-23 00:00:00,-0.9999545812606812
2021-02-23 00:00:00,0.9990004897117615
2021-02-23 00:00:00,0.9979739785194397
2021-02-23 00:00:00,0.9999545812606812
2021-02-23 00:00:00,0.832688570022583
2021-02-23 00:00:00,-0.9919911026954651
2021-02-23 00:00:00,-0.9041984677314758
2021-02-23 00:00:00,-0.9999545812606812
2021-02-23 00:00:00,-0.8991154432296753
2021-02-23 00:00:00,-0.9999545812606812
2021-02-23 00:00:00,-0.915072500705719
2021-02-23 00:00:00,-0.999725878238678
2021-02-23 00:00:00,0.9999545812606812
2021-02-23 00:00:00,0.9999545812606812
2021-02-23 00:00:00,-0.9999493360519409
2021-02-23 00:00:00,0.9999545812606812
2021-02-23 00:00:00,-0.9886744618415833
2021-02-23 00:00:00,0.9999545812606812
2021-02-23 00:00:00,0.9999545812606812
2021-02-23 00:00:00,-0.9999545812606812
2021-02-23 00:00:00,-0.5747458934783936
2021-02-23 00:00:00,0.9999545812606812
2021-02-23 00:00:00,-0.9999545812606812
2021-02-23 00:00:00,0.9999545812606812
2021-02-23 00:00:00,-0.9996683597564697
2021-02-23 00:00:00,0.9999545812606812
2021-02-23 00:00:00,-0.999575674533844
2021-02-23 00:00:00,0.9998754262924194
2021-02-23 00:00:00,-0.9563630819320679
2021-02-23 00:00:00,-0.9999545812606812
2021-02-23 00:00:00,-0.9999545812606812
2021-02-23 00:00:00,-0.9977265000343323
2021-02-23 00:00:00,0.9987694621086121
2021-02-23 00:00:00,0.9999545812606812
2021-02-23 00:00:00,-0.9999545812606812
2021-02-23 00:00:00,0.9999545812606812
2021-02-23 00:00:00,0.9999545812606812
2021-02-23 00:00:00,-0.9999545812606812
2021-02-23 00:00:00,0.5312759876251221
2021-02-23 00:00:00,0.9999545812606812
2021-02-23 00:00:00,0.9999545812606812
2021-02-23 00:00:00,-0.9960247278213501
2021-02-23 00:00:00,-0.9999545812606812
2021-02-23 00:00:00,0.9999545812606812
2021-02-23 00:00:00,-0.506607174873352
2021-02-23 00:00:00,0.6985393166542053
2021-02-24 00:00:00,-0.9999545812606812
2021-02-24 00:00:00,-0.9999545812606812
2021-02-24 00:00:00,0.5862706303596497
